NIVEL,CUENTAS,ene-13,feb-13,mar-13,abr-13,may-13,jun-13,jul-13,ago-13,sep-13,oct-13,nov-13,dic-13,ene-14,feb-14,mar-14,abr-14,may-14,jun-14,jul-14,ago-14,sep-14,oct-14,nov-14,dic-14,ene-15,feb-15,mar-15,abr-15,may-15,jun-15,jul-15,ago-15,sep-15,oct-15,nov-15,dic-15,ene-16,feb-16,mar-16,abr-16,may-16,jun-16,jul-16,ago-16,sep-16,oct-16,nov-16,dic-16,ene-17,feb-17,mar-17,abr-17,may-17,jun-17,jul-17,ago-17,sep-17,oct-17,nov-17,dic-17,ene-18,feb-18,mar-18,abr-18,may-18,jun-18,jul-18,ago-18,sep-18,oct-18,nov-18,dic-18,ene-19,feb-19,mar-19,abr-19,may-19,jun-19,jul-19,ago-19,sep-19,oct-19,nov-19,dic-19,ene-20,feb-20,mar-20,abr-20,may-20,jun-20,jul-20,ago-20,sep-20,oct-20,nov-20,dic-20,ene-21,feb-21,mar-21,abr-21,may-21,jun-21,jul-21,ago-21,sep-21,oct-21,nov-21,dic-21,ene-22,feb-22,mar-22,abr-22,may-22,jun-22,jul-22,ago-22,sep-22,oct-22,nov-22,dic-22,ene-23,feb-23,mar-23,abr-23,may-23,jun-23,jul-23,ago-23,sep-23,oct-23,nov-23,dic-23,ene-24,feb-24,mar-24,abr-24,may-24,jun-24,jul-24,ago-24,sep-24,oct-24,nov-24,dic-24,ene-25,feb-25,mar-25
1,ACTIVO,149440454,149477310,149759438,149513515,151206490,153108138,154670748,156461386,158397960,160094212,158324503,158090726,161489735,163660184,165412137,165241514,167503001,171363712,172638244,174260186,175946775,178027398,179845808,182710699,189578932,193167766,195958596,200473190,204857915,208008132,211300059,213922184,217403434,220648216,222411336,225198487,231830267,236525163,240124700,241647600,248000576,252793130,255293378,257506029,260676195,264954204,264008161,269269874,278252768,283972138,289230476,290318815,294289137,301504302,302202712,301953776,302939688,305019375,305829880,309688038,315474352,319797870,321586358,323564095,326434323,335163269,339535734,342970651,352428539,354272222,357669589,356297712,363056377,369387690,371677439,374074476,380144276,385252333,389065494,392573187,396442006,399843611,402505428,406451181,408855246,413280290,416009274,418939996,426327098,438761185,443712735,447824236,450474610,452710720,453804867,459296048,462745118,466736975,477048824,487226507,494073414,502787531,509239355,514663708,519109239,524380892,525279149,533352863,540841605,548755006,552088090,555550323,563361711,569092728,572200106,575292390,577768252,584313775,586245320,592254906,601871883,606415683,608102101,611642642,623795494,629853081,635138103,640385395,645149297,652189769,657369866,666200491,677545872,692223602,701113730,708748703,716685378,728289948,737007320,748265018,753939147,762805194,769116020,781959115,797352242,814642697,825042509
2,Disponibilidades,5317137,3583553,3593817,2281486,2597703,5454830,4959375,3280819,2791307,2123140,1824008,2818834,4141732,2452082,2194938,3074899,4584541,3432710,3613981,2905181,3894096,3266296,1526750,3544798,4346644,3955629,2801046,3373861,4421186,3084127,2824526,2816112,2789676,3550986,3389666,2618737,6629295,4095154,4871828,3978421,4637774,3768001,4542615,3338247,3430905,4536524,2531831,9109393,5731670,3669147,4231409,4355207,5991368,4692098,4533637,4196116,5953710,4440024,3997136,7096227,10635287,6653259,4341566,5396302,5696072,9723824,6714873,7704854,6420227,5468972,4287073,5962382,9290943,8236223,6777203,5990761,7495217,8558802,7094827,8519041,6831015,9133546,6417383,8478339,7961123,7072464,10683639,9785335,10243405,9733196,7862865,10690734,9270427,11552473,7639465,11916934,10769928,11318707,11267402,10573370,17034654,9695001,11786292,11369604,11130474,14917558,8630113,14114985,19284923,17485245,15881553,14613610,17758732,13477040,12471348,14368575,13389976,14062901,12147589,18181309,17780643,15407292,11595587,13798888,18070519,12749325,14224535,11875846,15308708,14247542,12400245,14743843,17681398,19894139,17418079,19951736,19214513,15312108,18285199,17637872,16777308,24594283,14745669,20649258,24108153,19799516,22218738
2,Inversiones en valores,39474653,41138406,40290224,42350860,43266820,42311355,41736600,42852834,40963707,41444464,37829880,35088871,37418845,40430834,39605603,38634839,38767601,41476379,40840244,40025009,39684403,40761008,41129619,40701639,48926573,53509634,55297538,59910412,61713685,63819706,63441421,62173774,64868187,65831377,65684469,67511616,75438165,82130803,83883227,84907057,90170285,90439678,87430940,87709787,88710168,35770639,88056184,68200530,99418337,104550439,106618837,105535633,106094339,109092844,110476475,107190025,104486806,106379620,102969675,100505678,104616677,109720056,110393279,108852068,109510560,110168294,117395379,117476967,122695895,123489644,119958400,93811836,117588639,123418337,123253546,123791117,124656116,125443877,126317720,126377829,132487336,133335656,134162307,96158877,134866428,135579464,136358227,146079798,155177260,162798072,163495752,164617624,170218477,170123601,174992152,138555635,177865160,178396989,185035554,191914769,192221782,199640358,199491832,200045754,200762270,201526886,203810531,161668430,206072942,212957883,219018697,220137586,225550095,230852130,232332395,231214625,231322791,234006725,234270093,194815068,241927171,241324451,236462512,234274491,235107707,240312069,234937800,233336952,231364428,235032028,233972568,238893433,246663814,255873819,260282932,262656817,265157989,272950366,271906552,274448259,270720188,264317279,273679263,270785509,280216243,290849436,293608122
2,Deudores por reporto, -   , -   , -   , -   , -   , -   , -   , -   , -   , -   , -   , -   , -   , -   , -   , -   , -   , -   , -   , -   , -   , -   , -   , -   , -   , -   , -   , -   , -   , -   , -   , -   , -   , -   , -   , -   , -   , -   , -   , -   , -   , -   , -   , -   , -   ,54454909, -   ,16359689, -   , -   , -   , -   , -   , -   , -   , -   , -   , -   , -   , -   , -   , -   , -   , -   , -   , -   , -   , -   , -   , -   , -   ,22299635,1077773, -   , -   , -   , -   , -   , -   , -   , -   , -   , -   ,35653931, -   , -   , -   , -   , -   , -   , -   , -   , -   , -   , -   ,34688250, -   , -   , -   , -   , -   , -   , -   , -   , -   , -   , -   ,39475257, -   , -   , -   , -   , -   , -   , -   , -   , -   , -   , -   ,37693474, -   , -   , -   , -   , -   , -   , -   , -   , -   , -   , -   , -   , -   , -   , -   , -   , -   , -   , -   , -   , -   , -   , -   , -   , -   , -   , -   
2,Cartera de crdito vigente,97427988,96430722,98286257,97801015,97766131,97592874,100166944,102271826,103859809,105786119,107218532,108947291,107420293,108075073,109399392,110225256,110885131,113307731,114205889,117598389,119189852,121430477,124220326,126300234,123342417,122735381,124100182,123935381,125415719,127850445,131726831,135856868,135618598,137156383,139222083,141273049,135498245,136081692,136959408,138073290,139123461,144075105,148904770,152527894,155048230,156557114,160333519,162690296,159945770,162119648,165080145,167457586,169056562,174905207,174036086,177482306,179878434,181656197,186329624,189778602,187212931,190557700,193738954,196075877,197951250,202051284,202527841,205249863,211052235,213286547,221652932,222655367,222924145,224159683,228254528,231198754,234835030,237830289,242146727,244675655,244155793,245022606,249305963,253447198,253171826,258197656,255267117,249195301,247831873,252609675,257869574,257902080,258060611,258846730,258561744,261692986,261502232,264627720,267261644,271480082,272117990,280541644,285073702,290678520,294807304,295554832,300679613,305185213,302519127,305302884,303819264,306844983,306228519,309978044,312766831,315664364,319393951,323017463,327172407,328263372,328293852,335477711,344938791,348551756,355788553,361685634,371682986,381230936,385414825,389945986,397322292,399445349,399300799,402950455,409729937,412291702,417765109,426110393,433137603,442645224,448585869,454369450,462229423,470239961,471568243,482141243,488622657
3,Crditos comerciales, -   , -   , -   , -   , -   , -   , -   , -   , -   , -   , -   , -   , -   , -   , -   , -   , -   , -   , -   , -   , -   , -   , -   , -   , -   , -   , -   , -   , -   , -   , -   , -   , -   , -   , -   , -   , -   , -   , -   , -   , -   , -   , -   , -   , -   , -   , -   , -   , -   , -   , -   , -   , -   , -   , -   , -   , -   , -   , -   , -   , -   , -   , -   , -   , -   , -   , -   , -   , -   , -   , -   , -   , -   , -   , -   , -   , -   , -   , -   , -   , -   , -   , -   , -   , -   , -   , -   , -   , -   , -   , -   , -   , -   , -   ,330600,1279221,3681431,5991590,7767672,9558564,10323041,11460877,12847991,13960946,14224335,15576005,16235676,17578996,17567592,17504035,17106097,17278363,17568397,17314114,17226633,17151115,17148393,17044677,17177211,16584806,16278218,16943387,17006304,17050737,16780570,17055860,17860082,18117284,18530862,18530052,19049057,18936515,18162656,17801555,17780698,17453879,17267204,17614401,17742649,17508370,17179030,17340526,17781307,17189010,16445573,16076815,16171589
3,Crditos de consumo,97427988,96430722,98286257,97801015,97766131,97592874,100166944,102271826,103859809,105786119,107218532,108947291,107420293,108075073,109399392,110225256,110885131,113307731,114205889,117598389,119189852,121430477,124220326,126300234,123342417,122735381,124100182,123935381,125415719,127850445,131726831,135856868,135618598,137156383,139222083,141273049,135498245,136081692,136959408,138073290,139123461,144075105,148904770,152527894,155048230,156557114,160333519,162690296,159945770,162119648,165080145,167457586,169056562,174905207,174036086,177482306,179878434,181656197,186329624,189778602,187212931,190557700,193738954,196075877,197951250,202051284,202527841,205249863,211052235,213286547,221652932,222655367,222924145,224159683,228254528,231198754,234835030,237830289,242146727,244675655,244155793,245022606,249305963,253447198,253171826,258197656,255267117,249195301,247831873,252609675,257869574,257902080,258060611,258846730,258231144,260413765,257820801,258636130,259493972,261921518,261794949,269080767,272225711,276717574,280582969,279978827,284443937,287606217,284951535,287798849,286713167,289566620,288660122,292663930,295540198,298513249,302245558,305972786,309995196,311678566,312015634,318534324,327932487,331501019,339007983,344629774,353822904,363113652,366883963,371415934,378273235,380508834,381138143,385148900,391949239,394837823,400497905,408495992,415394954,425136854,431406839,437028924,444448116,453050951,455122670,466064428,472451068
3,Crditos a la vivienda, -   , -   , -   , -   , -   , -   , -   , -   , -   , -   , -   , -   , -   , -   , -   , -   , -   , -   , -   , -   , -   , -   , -   , -   , -   , -   , -   , -   , -   , -   , -   , -   , -   , -   , -   , -   , -   , -   , -   , -   , -   , -   , -   , -   , -   , -   , -   , -   , -   , -   , -   , -   , -   , -   , -   , -   , -   , -   , -   , -   , -   , -   , -   , -   , -   , -   , -   , -   , -   , -   , -   , -   , -   , -   , -   , -   , -   , -   , -   , -   , -   , -   , -   , -   , -   , -   , -   , -   , -   , -   , -   , -   , -   , -   , -   , -   , -   , -   , -   , -   , -   , -   , -   , -   , -   , -   , -   , -   , -   , -   , -   , -   , -   , -   , -   , -   , -   , -   , -   , -   , -   , -   , -   , -   , -   , -   , -   , -   , -   , -   , -   , -   , -   , -   , -   , -   , -   , -   , -   , -   , -   , -   , -   , -   , -   , -   , -   
2,Cartera de crdito vencida,2630407,3191084,3070092,3024799,3331217,3618811,2613704,3048737,3238781,3552305,3800213,4157749,4431118,4200966,4036324,4208168,4020828,3801577,4169083,4447295,3572409,3574879,3752692,3181293,3521098,3868857,3456776,3656444,3999237,3959620,3993802,3987939,4265743,4345834,4301962,4783911,5404019,4998632,4828104,4803511,4495565,4521513,4465067,4467589,4074382,4321881,4453864,4496137,4372538,4500763,4300759,4775912,5247502,4780428,4823251,5286803,5407804,5544874,6264705,5863254,5819462,5534380,5692235,5870233,6207211,5543521,5992676,6069842,5808751,6277598,6660141,9164040,8510524,8326650,8084623,7985938,8601200,8555334,9815845,10179728,9635283,10183609,10612812,9414586,9782552,9393482,10564207,11280782,11232501,11297565,11656083,12293436,11885060,11936347,12851585,12005084,11919349,11902115,11345870,11339316,10736352,11012534,11351843,10663661,10688793,11287456,11714316,11195017,11260287,11310272,8401772,8675588,8859391,8984486,9434693,9149330,9443852,9199730,9441498,9394796,9718361,9902710,9994133,10343852,9847275,9972779,9905588,6306176,6956641,7278263,7541194,7387719,7834331,7558677,7812842,7775021,8210755,8131814,8225636,8638693,9486437,9864727,9815831,9785112,9442763,9081553,8365890
3,Crditos comerciales, -   , -   , -   , -   , -   , -   , -   , -   , -   , -   , -   , -   , -   , -   , -   , -   , -   , -   , -   , -   , -   , -   , -   , -   , -   , -   , -   , -   , -   , -   , -   , -   , -   , -   , -   , -   , -   , -   , -   , -   , -   , -   , -   , -   , -   , -   , -   , -   , -   , -   , -   , -   , -   , -   , -   , -   , -   , -   , -   , -   , -   , -   , -   , -   , -   , -   , -   , -   , -   , -   , -   , -   , -   , -   , -   , -   , -   , -   , -   , -   , -   , -   , -   , -   , -   , -   , -   , -   , -   , -   , -   , -   , -   , -   , -   , -   , -   , -   , -   , -   , -   , -   ,68843,137208,137208,68365,68365,68365,160062,250872,201908,201908,201908,240803,240803,240803,240803,198957,254013,254013,302691,319534,264479,272106,269489,201124,175347,230625,319715,295906,370766,291468,290680,290680,368425,372068,369442,317540,317540,317540,358701,334308,356587,357208,410025,281730,280979
3,Crditos de consumo,2630407,3191084,3070092,3024799,3331217,3618811,2613704,3048737,3238781,3552305,3800213,4157749,4431118,4200966,4036324,4208168,4020828,3801577,4169083,4447295,3572409,3574879,3752692,3181293,3521098,3868857,3456776,3656444,3999237,3959620,3993802,3987939,4265743,4345834,4301962,4783911,5404019,4998632,4828104,4803511,4495565,4521513,4465067,4467589,4074382,4321881,4453864,4496137,4372538,4500763,4300759,4775912,5247502,4780428,4823251,5286803,5407804,5544874,6264705,5863254,5819462,5534380,5692235,5870233,6207211,5543521,5992676,6069842,5808751,6277598,6660141,9164040,8510524,8326650,8084623,7985938,8601200,8555334,9815845,10179728,9635283,10183609,10612812,9414586,9782552,9393482,10564207,11280782,11232501,11297565,11656083,12293436,11885060,11936347,12851585,12005084,11919349,11902115,11345870,11339316,10736352,11012534,11283000,10526453,10551585,11219091,11645951,11126652,11100225,11059400,8199864,8473680,8657483,8743683,9193890,8908527,9203049,9000773,9187485,9140783,9415670,9583176,9729654,10071746,9577786,9771655,9730241,6075551,6636926,6982357,7170428,7096251,7543651,7267997,7444417,7402953,7841313,7814274,7908096,8321153,9127736,9530419,9459244,9427904,9032738,8799823,8084911
3,Crditos a la vivienda, -   , -   , -   , -   , -   , -   , -   , -   , -   , -   , -   , -   , -   , -   , -   , -   , -   , -   , -   , -   , -   , -   , -   , -   , -   , -   , -   , -   , -   , -   , -   , -   , -   , -   , -   , -   , -   , -   , -   , -   , -   , -   , -   , -   , -   , -   , -   , -   , -   , -   , -   , -   , -   , -   , -   , -   , -   , -   , -   , -   , -   , -   , -   , -   , -   , -   , -   , -   , -   , -   , -   , -   , -   , -   , -   , -   , -   , -   , -   , -   , -   , -   , -   , -   , -   , -   , -   , -   , -   , -   , -   , -   , -   , -   , -   , -   , -   , -   , -   , -   , -   , -   , -   , -   , -   , -   , -   , -   , -   , -   , -   , -   , -   , -   , -   , -   , -   , -   , -   , -   , -   , -   , -   , -   , -   , -   , -   , -   , -   , -   , -   , -   , -   , -   , -   , -   , -   , -   , -   , -   , -   , -   , -   , -   , -   , -   , -   
2,Estimacin preventiva para riesgos crediticios,-5458366,-5458366,-6311591,-6311591,-6311591,-6311591,-5408148,-5608719,-5881522,-6141766,-6430712,-6627624,-6627624,-6627624,-6061137,-6931740,-6931740,-6568058,-6568058,-7087121,-7087140,-7087120,-7087121,-6598832,-6707145,-6707145,-6207374,-6575226,-6755010,-6755136,-6515457,-6884833,-7327993,-7565452,-7639383,-7624838,-7911522,-7558144,-7601200,-7488817,-7488817,-7052346,-7072043,-6951400,-6951400,-6960808,-7481882,-7466176,-6993061,-7219812,-7213787,-7916836,-8067935,-8040601,-7999911,-8219218,-8722731,-9123365,-9758917,-9376998,-8744755,-8754445,-9394616,-9448451,-9686354,-8888684,-9391137,-9573681,-9450241,-10016238,-10696213,-13211780,-12324327,-12303637,-12650671,-13434821,-13755380,-13445893,-14304559,-15137344,-14437991,-15289787,-15933905,-14500845,-14647133,-14858757,-15592390,-15989756,-16768462,-15936712,-15336404,-15872026,-16495555,-17312870,-17749913,-16694917,-16780365,-16828855,-16035053,-16089519,-15930912,-15914284,-16228679,-15640795,-15792381,-16238505,-17326006,-16665452,-16407012,-16452164,-13646188,-13871387,-14005909,-13902840,-14470105,-14589769,-15095798,-15209833,-15887498,-15263800,-15125443,-15194557,-15268859,-15546819,-15175636,-15011617,-15711762,-12238796,-13411490,-13800119,-13476816,-13711825,-13615465,-13626396,-14420490,-14508836,-13712161,-14089322,-14855465,-15349460,-16045589,-16343574,-17080442,-16268979,-16161800,-15642081,-16655498
3,Estimacin preventiva para riesgos crediticios derivada de la calificacin,-5458366,-5458366,-6311591,-6311591,-6311591,-6311591,-5408148,-5608719,-5881522,-6141766,-6430712,-6497997,-6486360,-6498177,-5910117,-6786270,-6825641,-6469746,-6464164,-6980727,-6994088,-6961019,-6965591,-6489882,-6590086,-6602445,-6105738,-6450916,-6632911,-6643170,-6388762,-6758111,-7194512,-7429340,-7498799,-7482482,-7765832,-7410250,-7476524,-7369631,-7369631,-6938129,-6958647,-6826465,-6826465,-6842113,-7362138,-6914395,-6870445,-7097892,-7097892,-7754834,-7903949,-7903949,-7867686,-8045259,-8544909,-8943135,-9558838,-9215374,-8584091,-8595906,-9231667,-9231667,-9441807,-8694223,-9190559,-9371040,-9263128,-9821484,-10486240,-12862805,-12030594,-12030257,-12389975,-13180492,-13476100,-13170596,-13994923,-14821404,-14120435,-14954614,-15523381,-14187474,-14337373,-14587634,-15165552,-15572522,-16385179,-15541263,-14912220,-15412087,-16047386,-16855707,-17247421,-16221036,-16339569,-16378766,-15606875,-15618936,-15486645,-15413046,-15721106,-15150293,-15299586,-15717581,-16790778,-16149441,-15929715,-15978760,-13309416,-13470392,-13596167,-13501437,-14049538,-14182040,-14671607,-14798613,-15462635,-14841725,-14687820,-14763194,-14835836,-15099603,-14766070,-14579258,-15283987,-12033537,-13182923,-13557933,-13224016,-13447222,-13350583,-13378722,-14155538,-14240567,-13448862,-13817542,-14584418,-15065237,-15640057,-15870980,-16608068,-15981106,-15873496,-15363159,-16371799
4,Cartera de crdito,-5458366,-5458366,-6311591,-6311591,-6311591,-6311591,-5408148,-5608719,-5881522,-6141766,-6430712,-6497997,-6486360,-6498177,-5910117,-6786270,-6825641,-6469746,-6464164,-6980727,-6994088,-6961019,-6965591,-6489882,-6590086,-6602445,-6105738,-6450916,-6632911,-6643170,-6388762,-6758111,-7194512,-7429340,-7498799,-7482482,-7765832,-7410250,-7476524,-7369631,-7369631,-6938129,-6958647,-6826465,-6826465,-6842113,-7362138,-6914395,-6870445,-7097892,-7097892,-7754834,-7903949,-7903949,-7867686,-8045259,-8544909,-8943135,-9558838,-9215374,-8584091,-8595906,-9231667,-9231667,-9441807,-8694223,-9190559,-9371040,-9263128,-9821484,-10486240,-12862805,-12030594,-12030257,-12389975,-13180492,-13476100,-13170596,-13994923,-14821404,-14120435,-14954614,-15523381,-14187474,-14337373,-14587634,-15165552,-15572522,-16385179,-15541263,-14912220,-15412087,-16047386,-16855707,-17247421,-16221036,-16339569,-16378766,-15606876,-15618936,-15486645,-15413047,-15721106,-15150293,-15299586,-15717581,-16790778,-16149441,-15929715,-15978760,-13309416,-13470392,-13596167,-13501437,-14049538,-14182040,-14671608,-14798613,-15462635,-14841726,-14687820,-14763195,-14835835,-15099603,-14766070,-14579258,-15283986,-12033537,-13182923,-13557932,-13224017,-13447222,-13350583,-13378722,-14155538,-14240567,-13448863,-13817542,-14584418,-15065237,-15640058,-15870980,-16608067,-15981106,-15873496,-15363159,-16371799
5,Crditos comerciales, -   , -   , -   , -   , -   , -   , -   , -   , -   , -   , -   , -   , -   , -   , -   , -   , -   , -   , -   , -   , -   , -   , -   , -   , -   , -   , -   , -   , -   , -   , -   , -   , -   , -   , -   , -   , -   , -   , -   , -   , -   , -   , -   , -   , -   , -   , -   , -   , -   , -   , -   , -   , -   , -   , -   , -   , -   , -   , -   , -   , -   , -   , -   , -   , -   , -   , -   , -   , -   , -   , -   , -   , -   , -   , -   , -   , -   , -   , -   , -   , -   , -   , -   , -   , -   , -   , -   , -   , -   , -   , -   , -   , -   , -   ,-1653,-6396,-18407,-30739,-46400,-53412,-79808,-106793,-117910,-137492,-192275,-199869,-206924,-251045,-253391,-277674,-264453,-305858,-315809,-352627,-368081,-385044,-387022,-366026,-424455,-435482,-397068,-429123,-397620,-481610,-417009,-339709,-354922,-399986,-436990,-451460,-492652,-495715,-493806,-518661,-593145,-513400,-491018,-467074,-483074,-512266,-537067,-515538,-589959,-591275,-558986,-457257,-501314
5,Crditos de consumo,-5458366,-5458366,-6311591,-6311591,-6311591,-6311591,-5408148,-5608719,-5881522,-6141766,-6430712,-6497997,-6486360,-6498177,-5910117,-6786270,-6825641,-6469746,-6464164,-6980727,-6994088,-6961019,-6965591,-6489882,-6590086,-6602445,-6105738,-6450916,-6632911,-6643170,-6388762,-6758111,-7194512,-7429340,-7498799,-7482482,-7765832,-7410250,-7476524,-7369631,-7369631,-6938129,-6958647,-6826465,-6826465,-6842113,-7362138,-6914395,-6870445,-7097892,-7097892,-7754834,-7903949,-7903949,-7867686,-8045259,-8544909,-8943135,-9558838,-9215374,-8584091,-8595906,-9231667,-9231667,-9441807,-8694223,-9190559,-9371040,-9263128,-9821484,-10486240,-12862805,-12030594,-12030257,-12389975,-13180492,-13476100,-13170596,-13994923,-14821404,-14120435,-14954614,-15523381,-14187474,-14337373,-14587634,-15165552,-15572522,-16385179,-15541263,-14912220,-15412087,-16047386,-16855707,-17245768,-16214640,-16321162,-16348027,-15560476,-15565524,-15406837,-15306254,-15603196,-15012801,-15107311,-15517712,-16583854,-15898396,-15676324,-15701086,-13044963,-13164534,-13280358,-13148810,-13681457,-13796996,-14284586,-14432587,-15038180,-14406244,-14290752,-14334072,-14438215,-14617993,-14349061,-14239549,-14929064,-11633551,-12745933,-13106472,-12731365,-12951507,-12856777,-12860061,-13562393,-13727167,-12957845,-13350468,-14101344,-14552971,-15102991,-15355442,-16018108,-15389831,-15314510,-14905902,-15870485
5,Crditos a la vivienda, -   , -   , -   , -   , -   , -   , -   , -   , -   , -   , -   , -   , -   , -   , -   , -   , -   , -   , -   , -   , -   , -   , -   , -   , -   , -   , -   , -   , -   , -   , -   , -   , -   , -   , -   , -   , -   , -   , -   , -   , -   , -   , -   , -   , -   , -   , -   , -   , -   , -   , -   , -   , -   , -   , -   , -   , -   , -   , -   , -   , -   , -   , -   , -   , -   , -   , -   , -   , -   , -   , -   , -   , -   , -   , -   , -   , -   , -   , -   , -   , -   , -   , -   , -   , -   , -   , -   , -   , -   , -   , -   , -   , -   , -   , -   , -   , -   , -   , -   , -   , -   , -   , -   , -   , -   , -   , -   , -   , -   , -   , -   , -   , -   , -   , -   , -   , -   , -   , -   , -   , -   , -   , -   , -   , -   , -   , -   , -   , -   , -   , -   , -   , -   , -   , -   , -   , -   , -   , -   , -   , -   , -   , -   , -   , -   , -   , -   
3,Estimacin preventiva para riesgos crediticios adicional, -   , -   , -   , -   , -   , -   , -   , -   , -   , -   , -   ,-129627,-141264,-129447,-151020,-145470,-106099,-98312,-103894,-106394,-93052,-126101,-121530,-108950,-117059,-104700,-101636,-124310,-122099,-111966,-126695,-126722,-133481,-136112,-140584,-142356,-145690,-147894,-124676,-119186,-119186,-114217,-113396,-124935,-124935,-118695,-119744,-551781,-122616,-121920,-115895,-162002,-163986,-136652,-132225,-173959,-177822,-180230,-200079,-161624,-160664,-158539,-162949,-216784,-244547,-194461,-200578,-202641,-187113,-194754,-209973,-348975,-293733,-273380,-260696,-254329,-279280,-275297,-309636,-315940,-317556,-335173,-410524,-313371,-309760,-271123,-426838,-417234,-383283,-395449,-424184,-459939,-448169,-457163,-502492,-473881,-440796,-450089,-428178,-470583,-444267,-501238,-507573,-490502,-492795,-520924,-535228,-516011,-477297,-473404,-336772,-400995,-409742,-401403,-420567,-407729,-424191,-411220,-424863,-422075,-437623,-431363,-433023,-447216,-409566,-432359,-427775,-205259,-228567,-242186,-252800,-264603,-264882,-247674,-264952,-268269,-263299,-271780,-271047,-284223,-405532,-472594,-472374,-287873,-288304,-278922,-283699
2,Otras cuentas por cobrar,664815,1011938,956073,587244,755101,570080,923687,713836,1663676,1285950,1446753,666915,1202604,855720,1336017,777830,996718,787777,1110572,915023,1305913,812377,1021899,747421,1276211,946997,1317214,1035237,957403,993571,890631,1174694,2282862,1596876,1361941,766932,949972,1060203,1007193,1159042,928700,1036552,1177244,978143,1084600,1127441,1138385,1031983,962527,1015177,1004943,1044867,926845,1063329,1473992,1272173,1035112,1173710,1112496,1015746,970356,1126758,1131165,1279128,1388558,1384237,1303805,1263700,1313943,1355065,1608069,1540690,2003016,1777195,1567030,1756293,1486200,1539041,1366714,1518346,1509612,1328283,1312694,1165847,1137262,1386138,1499072,1520157,1673963,1551555,1668601,1923807,1462484,1647428,1804425,1454023,1857174,1792728,1824669,1740395,1711610,1681338,1713513,1656426,1769083,1790507,2222346,2030697,1814714,1814740,1610097,1777148,1850149,1930515,2127252,2024665,1921695,1960963,1996178,1924696,1821792,2102878,2312561,2388652,2382975,2401175,2411293,2328662,2127176,2352503,2528696,2486946,2881523,2866932,2794862,3094203,2695703,2782699,2865150,2924963,2982985,3167337,3056527,3222690,3358004,3766737,3756536
2,Bienes adjudicados, -   , -   , -   , -   , -   , -   , -   , -   , -   , -   , -   , -   , -   , -   , -   , -   , -   , -   ,14700,14700,21350,21350,21350,19215,19215,19215,19215,19215,19215,12600,12600,12600,11200,11200,11200,7700, -   , -   , -   , -   , -   , -   , -   , -   , -   , -   , -   , -   , -   , -   , -   , -   , -   , -   , -   , -   , -   , -   , -   , -   , -   , -   , -   , -   , -   , -   , -   , -   , -   , -   , -   , -   , -   , -   , -   , -   , -   , -   , -   , -   , -   , -   , -   , -   , -   , -   , -   , -   , -   , -   , -   , -   , -   , -   , -   , -   , -   , -   , -   , -   , -   , -   , -   , -   , -   , -   , -   , -   , -   , -   , -   , -   , -   , -   , -   , -   , -   , -   , -   , -   , -   , -   , -   , -   , -   , -   , -   , -   , -   , -   , -   , -   , -   , -   , -   ,95146,95146,95146,95146,95146,95146,95146,95146,25752,25752,25752,25752
2,"Propiedades, mobiliario y equipo",7674537,7572929,7538228,7505033,7599783,7669089,7632869,7809116,9707717,10030619,10689448,11167131,11649822,12438801,12687382,13090425,13080852,13089294,13261633,13350207,13345210,13337904,13409403,12987904,12998247,12949902,12910069,12840549,12807442,12840610,12799567,12728260,12853637,13836639,14235425,14669463,14567114,14480635,14567842,14658525,14587746,14530801,14441698,14336230,14250117,14185286,14083017,14058317,13977500,13889875,13797237,13698485,13787088,13799110,13718662,13642074,13821683,13854577,13908568,13897813,14066802,14070103,14033642,13920408,13801888,13714258,13624366,13507549,13412546,13331824,13214501,13111023,12994584,14726155,14637783,15137264,15151094,15213245,15155270,15050960,14955970,14887855,15101738,15206296,15084247,14978218,15016270,14902031,14874486,14750039,14638532,14514912,14423501,14371469,14263147,14219661,14123986,14005613,13952152,13914837,13915770,13951862,13901929,13833879,13779303,13657526,13755870,14240022,14209070,14205599,14140647,14419655,14278147,15341317,15211030,15092392,15129220,15122404,15022412,14952945,15143853,15060489,14995405,14857176,14731835,14836007,14839591,14730206,14626846,14517498,14608227,14465887,14323277,14291176,14302044,14306037,14185159,14086420,14259118,14164063,18322720,19908136,19920744,21034091,21498801,21397787,22029172
2,Inversiones permanentes,902463,902463,1074157,1074157,1074157,1074157,902463,1013520,1013520,1013520,1013520,1013520,1013520,1013520,1013520,1013520,1013520,1013520,1013520,1013520,1013520,1013520,1013520,1063360,1063360,1063360,1063360,1063360,1124721,1124721,1124721,1124721,1124721,1039429,1039429,538018,538018,538018,538018,538018,538018,538018,538018,538018,538018,538018,538018,538018,538018,618898,618898,618898,618898,618898,618898,618898,618898,702218,702218,702218,702218,702218,702218,702218,702218,702218,702218,702218,702218,702218,702218,820138,820138,820138,820138,820138,962931,962931,962931,962931,962931,962931,1041906,1041906,1041906,1041906,1041906,1041906,1041906,1041906,1041906,1041906,1041906,1041906,1041906,1160503,1160503,1160503,1160503,1160503,1160503,1160503,1160503,1160503,1160503,1173003,1173003,1232846,1232846,1232846,1232846,1232846,1232846,1232846,1232846,1232846,1232846,1232846,1232846,1314006,1314006,1314006,1314006,1314006,1314006,1314006,1314006,1314006,1380486,1380486,1380486,1421565,1421565,1421565,1421565,1421565,1421565,1421565,1503804,1503804,1503804,1503804,1503804,1503804,1503804,1503804,1503804
2,PTU diferida (a favor), -   , -   , -   , -   , -   , -   , -   , -   , -   , -   , -   , -   , -   , -   , -   , -   , -   , -   , -   , -   , -   , -   , -   , -   , -   , -   , -   , -   , -   , -   , -   , -   , -   , -   , -   , -   , -   , -   , -   , -   , -   , -   , -   , -   , -   , -   , -   , -   , -   , -   , -   , -   , -   , -   , -   , -   , -   , -   , -   , -   , -   , -   , -   , -   , -   , -   , -   , -   , -   , -   , -   , -   , -   , -   , -   , -   , -   , -   , -   , -   , -   , -   , -   , -   , -   , -   , -   , -   , -   , -   , -   , -   , -   , -   , -   , -   , -   , -   , -   , -   , -   , -   , -   , -   , -   , -   , -   , -   , -   , -   , -   , -   , -   , -   , -   , -   , -   , -   , -   , -   , -   , -   , -   , -   , -   , -   , -   , -   , -   , -   , -   , -   , -   , -   , -   , -   , -   , -   , -   , -   , -   , -   , -   , -   , -   , -   , -   
2,Otros activos,806820,1104581,1262181,1200512,1127169,1128533,1143254,1079417,1040965,999861,932861,858039,839425,820812,1200098,1148317,1085550,1022782,976680,1077983,1007162,896707,837370,763667,792312,825936,1200570,1213957,1154317,1077868,1001417,932049,916803,844944,804544,653899,716961,698170,1070280,1018553,1007844,935808,865069,561521,491175,423200,355225,251687,299469,828003,792035,749063,634470,592989,521622,484599,459972,391520,304375,205498,195374,187841,947915,916312,862920,764317,665713,569339,472965,376592,282468,144381,170942,226946,933259,829032,711868,594707,510019,426041,342057,278912,484530,385046,457035,489719,1171226,1124442,1020166,915889,815826,711763,607699,503636,400356,297889,327151,361455,1236083,1192754,1105665,1018575,988420,896156,803890,711629,619363,875848,854708,897701,1629402,1720294,1609741,1199190,1093816,1135362,1029719,920576,849795,979040,997648,1020703,1757965,1660640,1728260,1593703,1534066,1501407,1381677,1235582,1092974,1067574,1054630,993235,1771959,1665312,1651600,1488759,1584577,1556454,1510279,1328606,1150055,981917,1792279,1718950,1567336
1,PASIVO,118764765,118427598,119161623,119124274,120374476,121897744,122803440,123910500,125683333,127127113,125158323,125253280,127801972,129668469,130147057,130068573,131570782,135136241,135659431,137151511,138088280,139689047,140696878,143014909,149056752,152159506,153881283,158514834,162423261,164911856,166532519,168604453,169643456,172497268,173736396,176221173,182149274,186041913,190340878,190928879,196526327,200433805,202090906,203393735,205623879,208922034,207689038,212055518,219072621,224166822,228497336,231779172,234788954,240850309,240216994,238796925,239371426,240992283,241364378,244148176,247531782,250935725,252554415,253845467,255399187,262698223,267721435,270011730,277782242,278684195,281059205,281497598,285123215,289994539,291426854,293628521,297948650,301185228,305659205,308322860,309873714,312171523,313776180,315993560,316438116,319412073,321129611,325831554,332103596,342300947,345331393,348365793,350099708,351619467,351505675,356013222,357846547,360815172,368577651,377362547,382364546,389644374,397161265,400546458,403249922,407143537,407324466,413655132,418547050,424934779,425693372,427978288,435637413,439165357,440796413,441078484,441585506,445489521,445457849,448436236,454619035,457188521,458555705,459397930,467618621,471520047,474258543,475412724,477907794,481926339,483588859,490497144,497761649,509877867,515788473,524674546,529324362,538182282,544034014,551864092,554115354,559981067,563796748,574003260,584708039,599092346,606928576
2,Captacin tradicional,115333168,115135678,116018420,115295809,116589913,117294916,119369587,120228575,122276546,123515290,121605179,121792087,124051546,125880445,126598087,126473618,127864738,131443154,132096655,133263459,134283804,135757966,136960262,139297274,145391180,148643845,150379596,153874175,157923774,160582888,162769672,164976424,166274195,168929974,170151330,172951300,178541102,182592907,185788253,186346256,192164646,195833577,198488591,199447942,201801662,204646852,203863525,208227558,215553301,220081011,224517509,225461686,230873959,236661053,236288372,234790431,235414265,236921855,237538844,240219125,243655119,246983987,248775306,249406719,251364682,258454737,263325125,265050573,273153792,274060159,276478147,277161927,280818996,285384537,286905791,288548800,292884574,295951432,300324132,302684972,304440341,306448975,307243999,309450922,310139223,312794107,314595032,316131879,322539262,332603954,335556570,338347520,340182127,343119729,342902823,348065790,350288541,352938902,360929412,369417488,374565477,381727186,387042504,390437408,393536256,397090809,397249332,403872139,409921517,415946093,416816441,418526588,424202332,427762708,430876143,430910491,431521299,434944293,435084174,438903310,444867366,447365439,445955002,446403481,455081197,458169377,462980302,463567863,466434440,469772599,472306630,479285840,486716818,498028896,504153112,507903557,512741190,520999986,527094778,533950060,537343004,544332062,550721146,560511610,570632900,584105115,593400673
3,Depsitos de exigibilidad inmediata,109952196,109118692,109681304,109431769,111215380,111677435,113623001,113925267,116219349,117336949,115876500,115791806,117480120,118989204,119891055,120122197,122011516,125056360,125587466,126202333,126935019,127709539,129131585,130646705,135979443,137849413,139557007,141534871,145785850,147690035,148198013,151297067,152275941,154236180,155783327,157090023,162341918,165272588,167851066,167759136,172626212,176266198,178498185,177850482,179491530,182213820,181615651,186102783,192140715,196100157,199800848,200775726,206348552,211323297,211413761,209494635,209820536,211146536,211626675,214626055,217860168,220012664,222565487,222397438,224539875,229614454,234775366,237542006,241790560,241343898,243280194,248712325,251644486,255089164,257019878,257408580,260179781,263863114,268263140,269240909,270880886,273269463,273992734,276337571,275215526,277157954,279024588,281091374,287648206,295619265,298763446,302228270,303835387,307413691,307382695,311426307,313129240,314830638,319930567,324991957,329426200,332740763,338004511,340649417,344031890,345638934,343197812,348812938,355027193,362388969,362509912,365423835,367377765,370873124,374603170,373258767,374519169,376665206,374263992,378590765,383147913,385287528,383909525,384208293,383651347,381790297,379346305,377539139,379066116,378144332,379921948,388185212,392224688,397424835,401543291,400093577,402670326,406785027,411034678,415279154,414528998,419911513,423179109,429305325,430361702,432268641,436236415
3,Depsitos a plazo,5380972,6016986,6337116,5864040,5374533,5617481,5746586,6303308,6057197,6178341,5728679,6000281,6571426,6891241,6707032,6351421,5853222,6386794,6509189,7061126,7348785,8048427,7828677,8650569,9411737,10794432,10822589,12339304,12137924,12631533,14311250,13419346,13725661,14192121,13869787,15329811,15707903,16827474,17446229,18097868,18974756,19041458,19460523,21068835,21782933,21887582,21551142,21463852,22745480,23466679,24193027,24161326,23874294,24662984,24193835,24614603,24916158,25089335,25204903,24993726,25158542,26300643,25516340,26312418,26146433,28192854,27884145,26853969,30704257,32036388,32484499,27723178,28415989,29410840,29049911,30366546,31942803,31341492,31316305,32717546,32884439,32451661,32502491,32463171,34249425,34879487,34822200,34289987,34110635,36154786,35846468,35143156,35367820,34935949,34723382,35815163,36254280,37199853,40095292,43509010,44196194,48080450,47948612,48743006,48430804,50363775,52989870,54055607,53858218,52425347,53264721,52001998,55741766,55751163,55142758,56547404,55883970,57086329,59627419,59237808,60686292,61149190,61057958,61086673,70318332,75165187,82261003,84685836,86242076,90587009,91290464,90090201,93505536,99627825,101527894,106735250,108949719,113092407,114974855,117597053,121716373,123357550,126438919,130078755,138974402,150681725,155961229
3,Cuentas sin movimiento, -   , -   , -   , -   , -   , -   , -   , -   , -   , -   , -   , -   , -   , -   , -   , -   , -   , -   , -   , -   , -   , -   , -   , -   , -   , -   , -   , -   , -   ,261320,260409,260011,272593,501673,498216,531466,491281,492845,490958,489252,563678,525921,529883,528625,527199,545450,696732,660923,667106,514175,523634,524634,651113,674772,680776,681193,677571,685984,707266,599344,636409,670680,693479,696863,678374,647429,665614,654598,658975,679873,713454,726424,758521,884533,836002,773674,761990,746826,744687,726517,675016,727851,748774,650180,674272,756666,748244,750518,780421,829903,946656,976094,978920,770089,796746,824320,905021,908411,903553,916521,943083,905973,1089381,1044985,1073562,1088100,1061650,1003594,1036106,1131777,1041808,1100755,1082801,1138421,1130215,1104320,1118160,1192758,1192763,1074737,1033161,928721,987519,1108515,1111518,1213893,1372994,1342888,1126248,1041258,1094218,1010427,986594,976236,1081927,1074730,1121145,1122552,1085245,1073853,1097633,1062999,1103118,1127530,1296796,1154749,1203029
2,Prstamos bancarios y de otros organismos, -   , -   , -   , -   , -   , -   , -   , -   , -   , -   , -   , -   , -   , -   , -   , -   , -   , -   , -   , -   , -   , -   , -   , -   , -   , -   , -   , -   , -   , -   , -   , -   , -   , -   , -   , -   , -   , -   , -   , -   , -   , -   , -   , -   , -   , -   , -   , -   , -   , -   , -   , -   , -   , -   , -   , -   , -   , -   , -   , -   , -   , -   , -   , -   , -   , -   , -   , -   , -   , -   , -   , -   , -   , -   , -   , -   , -   , -   , -   , -   , -   , -   , -   , -   , -   , -   , -   , -   , -   , -   , -   , -   , -   , -   , -   , -   , -   , -   , -   , -   , -   , -   , -   , -   , -   , -   , -   , -   , -   , -   , -   , -   , -   , -   , -   , -   , -   , -   , -   , -   , -   , -   , -   , -   , -   , -   , -   , -   , -   , -   , -   , -   , -   , -   , -   , -   , -   , -   , -   , -   , -   , -   , -   , -   , -   , -   , -   
3,De corto plazo, -   , -   , -   , -   , -   , -   , -   , -   , -   , -   , -   , -   , -   , -   , -   , -   , -   , -   , -   , -   , -   , -   , -   , -   , -   , -   , -   , -   , -   , -   , -   , -   , -   , -   , -   , -   , -   , -   , -   , -   , -   , -   , -   , -   , -   , -   , -   , -   , -   , -   , -   , -   , -   , -   , -   , -   , -   , -   , -   , -   , -   , -   , -   , -   , -   , -   , -   , -   , -   , -   , -   , -   , -   , -   , -   , -   , -   , -   , -   , -   , -   , -   , -   , -   , -   , -   , -   , -   , -   , -   , -   , -   , -   , -   , -   , -   , -   , -   , -   , -   , -   , -   , -   , -   , -   , -   , -   , -   , -   , -   , -   , -   , -   , -   , -   , -   , -   , -   , -   , -   , -   , -   , -   , -   , -   , -   , -   , -   , -   , -   , -   , -   , -   , -   , -   , -   , -   , -   , -   , -   , -   , -   , -   , -   , -   , -   , -   
3,De largo plazo, -   , -   , -   , -   , -   , -   , -   , -   , -   , -   , -   , -   , -   , -   , -   , -   , -   , -   , -   , -   , -   , -   , -   , -   , -   , -   , -   , -   , -   , -   , -   , -   , -   , -   , -   , -   , -   , -   , -   , -   , -   , -   , -   , -   , -   , -   , -   , -   , -   , -   , -   , -   , -   , -   , -   , -   , -   , -   , -   , -   , -   , -   , -   , -   , -   , -   , -   , -   , -   , -   , -   , -   , -   , -   , -   , -   , -   , -   , -   , -   , -   , -   , -   , -   , -   , -   , -   , -   , -   , -   , -   , -   , -   , -   , -   , -   , -   , -   , -   , -   , -   , -   , -   , -   , -   , -   , -   , -   , -   , -   , -   , -   , -   , -   , -   , -   , -   , -   , -   , -   , -   , -   , -   , -   , -   , -   , -   , -   , -   , -   , -   , -   , -   , -   , -   , -   , -   , -   , -   , -   , -   , -   , -   , -   , -   , -   , -   
2,Colaterales vendidos, -   , -   , -   , -   , -   , -   , -   , -   , -   , -   , -   , -   , -   , -   , -   , -   , -   , -   , -   , -   , -   , -   , -   , -   , -   , -   , -   , -   , -   , -   , -   , -   , -   , -   , -   , -   , -   , -   , -   , -   , -   , -   , -   , -   , -   , -   , -   , -   , -   , -   , -   , -   , -   , -   , -   , -   , -   , -   , -   , -   , -   , -   , -   , -   , -   , -   , -   , -   , -   , -   , -   , -   , -   , -   , -   , -   , -   , -   , -   , -   , -   , -   , -   , -   , -   , -   , -   , -   , -   , -   , -   , -   , -   , -   , -   , -   , -   , -   , -   , -   , -   , -   , -   , -   , -   , -   , -   , -   , -   , -   , -   , -   , -   , -   , -   , -   , -   , -   , -   , -   , -   , -   , -   , -   , -   , -   , -   , -   , -   , -   , -   , -   , -   , -   , -   , -   , -   , -   , -   , -   , -   , -   , -   , -   , -   , -   , -   
2,Otras cuentas por pagar,3431597,3291920,3143203,3828465,3784563,4602828,3433853,3681925,3406787,3611823,3553144,3461193,3750426,3788024,3548970,3594955,3706044,3693087,3562776,3888052,3804476,3931081,3736616,3717635,3665572,3515661,3501687,4640659,4499487,4328968,3762847,3628029,3369261,3567294,3585066,3269873,3608172,3449006,4552625,4582623,4361681,4600228,3602315,3945793,3822217,4275182,3825513,3827960,3519320,4085811,3979827,6317486,3914995,4189256,3928622,4006494,3957161,4070428,3825534,3929051,3876663,3951738,3779109,4438748,4034505,4243486,4396310,4961157,4628450,4624036,4581058,4335671,4304219,4610002,4521063,5079721,5064076,5233796,5335073,5637888,5433373,5722548,6532181,6542638,6298893,6617966,6534579,9699675,9564334,9696993,9774823,10018273,9917581,8499738,8602852,7947432,7558006,7876270,7648239,7945059,7799069,7917188,10118761,10109050,9713666,10052728,10075134,9782993,8625533,8988686,8876931,9451700,11435081,11402649,9920270,10167993,10064207,10545228,10373675,9532926,9751669,9823082,12600703,12994449,12537424,13350670,11278241,11844861,11473354,12153740,11282229,11211304,11044831,11848971,11635361,16770989,16583172,17182296,16939236,17914032,16772350,15649005,13075602,13491650,14075139,14987231,13527903
2,PTU diferida (a cargo), -   , -   , -   , -   , -   , -   , -   , -   , -   , -   , -   , -   , -   , -   , -   , -   , -   , -   , -   , -   , -   , -   , -   , -   , -   , -   , -   , -   , -   , -   , -   , -   , -   , -   , -   , -   , -   , -   , -   , -   , -   , -   , -   , -   , -   , -   , -   , -   , -   , -   , -   , -   , -   , -   , -   , -   , -   , -   , -   , -   , -   , -   , -   , -   , -   , -   , -   , -   , -   , -   , -   , -   , -   , -   , -   , -   , -   , -   , -   , -   , -   , -   , -   , -   , -   , -   , -   , -   , -   , -   , -   , -   , -   , -   , -   , -   , -   , -   , -   , -   , -   , -   , -   , -   , -   , -   , -   , -   , -   , -   , -   , -   , -   , -   , -   , -   , -   , -   , -   , -   , -   , -   , -   , -   , -   , -   , -   , -   , -   , -   , -   , -   , -   , -   , -   , -   , -   , -   , -   , -   , -   , -   , -   , -   , -   , -   , -   
2,Crditos diferidos y cobros anticipados, -   , -   , -   , -   , -   , -   , -   , -   , -   , -   , -   , -   , -   , -   , -   , -   , -   , -   , -   , -   , -   , -   , -   , -   , -   , -   , -   , -   , -   , -   , -   , -   , -   , -   , -   , -   , -   , -   , -   , -   , -   , -   , -   , -   , -   , -   , -   , -   , -   , -   , -   , -   , -   , -   , -   , -   , -   , -   , -   , -   , -   , -   , -   , -   , -   , -   , -   , -   , -   , -   , -   , -   , -   , -   , -   , -   , -   , -   , -   , -   , -   , -   , -   , -   , -   , -   , -   , -   , -   , -   , -   , -   , -   , -   , -   , -   , -   , -   , -   , -   , -   , -   , -   , -   , -   , -   , -   , -   , -   , -   , -   , -   , -   , -   , -   , -   , -   , -   , -   , -   , -   , -   , -   , -   , -   , -   , -   , -   , -   , -   , -   , -   , -   , -   , -   , -   , -   , -   , -   , -   , -   , -   , -   , -   , -   , -   , -   
1,CAPITAL CONTABLE,30675689,31049712,30597815,30389241,30832014,31210394,31867308,32550886,32714627,32967099,33166180,32837446,33687763,33991715,35265080,35172941,35932219,36227471,36978813,37108675,37858495,38338351,39148930,39695790,40522180,41008260,42077313,41958356,42434654,43096276,44767540,45317731,47759978,48150948,48674940,48977314,49680993,50483250,49783822,50718721,51474249,52359325,53202472,54112294,55052316,56032170,56319123,57214356,59180147,59805316,60733140,58539643,59500183,60653993,61985718,63156851,63568262,64027092,64465502,65539862,67942570,68862145,69031943,69718628,71035136,72465046,71814299,72958921,74646297,75588027,76610384,74800114,77933162,79393151,80250585,80445955,82195626,84067105,83406289,84250327,86568292,87672088,88729248,90457621,92417130,93868217,94879663,93108442,94223502,96460238,98381342,99458443,100374902,101091253,102299192,103282826,104898571,105921803,108471173,109863960,111708868,113143157,112078090,114117250,115859317,117237355,117954683,119697731,122294555,123820227,126394718,127572035,127724298,129927371,131403693,134213906,136182746,138824254,140787471,143818670,147252848,149227162,149546396,152244712,156176873,158333034,160879560,164972671,167241503,170263430,173781007,175703347,179784223,182345735,185325257,184074157,187361016,190107666,192973306,196400926,199823793,202824127,205319272,207955855,212644203,215550351,218113933
2,Capital contribuido,23807996,23905196,24012196,24102196,24240196,24350746,24405996,24564396,24581696,24692396,24826796,24874796,25037996,25115996,25244396,25375196,25485596,25642796,25817996,25929596,26050796,26205396,26304996,26409196,26594396,26729996,26864396,26985596,27136796,27382796,27617996,27802796,28064846,28205647,28341837,28431427,28666296,28804780,28952926,29139726,29366569,29583713,29689067,29809158,29972032,30131310,30313619,30513876,30703990,30898072,31130259,31187456,31357029,31608609,31811580,31981670,32140672,32261302,32416946,32412270,32602105,32776650,32902523,33030333,33189581,33421293,33620378,33777208,33930983,34087094,34235899,34386555,34543875,34703931,34833062,34990777,35208455,35435056,35571889,35765076,35938857,36077685,36246445,36353601,36561021,36765733,36916757,36993497,37127633,37367354,37515178,37654367,37775711,37936421,38050520,38161901,38342359,38530101,38718921,38920290,39068737,39317373,39471300,39698870,39815228,39968166,40079722,40191527,40363307,40500027,40659560,40788978,40948928,41137324,41294017,41447223,41554951,41713720,41795074,41853424,42084183,42253177,42395556,42539668,42728103,42927912,43111543,43302558,43459666,43654607,43738688,43909467,44154527,44404182,44526407,44685134,44869223,45094937,45300604,45510660,45693797,45892139,46038760,46207698,46475907,46699803,46948934
2,Capital ganado,6867693,7144516,6585619,6287045,6591818,6859648,7461312,7986490,8132931,8274703,8339384,7962650,8649767,8875719,10020684,9797745,10446623,10584675,11160817,11179079,11807699,12132955,12843934,13286594,13927784,14278264,15212917,14972760,15297858,15713480,17149544,17514935,19695132,19945301,20333103,20545887,21014697,21678470,20830896,21578995,22107680,22775612,23513405,24303136,25080284,25900860,26005504,26700480,28476157,28907244,29602881,27352187,28143154,29045384,30174138,31175181,31427590,31765790,32048556,33127592,35340465,36085495,36129420,36688295,37845555,39043753,38193921,39181713,40715314,41500933,42374485,40413559,43389287,44689220,45417523,45455178,46987171,48632049,47834400,48485251,50629435,51594403,52482803,54104020,55856109,57102484,57962906,56114945,57095869,59092884,60866164,61804076,62599191,63154832,64248672,65120925,66556212,67391702,69752252,70943670,72640131,73825784,72606790,74418380,76044089,77269189,77874961,79506204,81931248,83320200,85735158,86783057,86775370,88790047,90109676,92766683,94627795,97110534,98992397,101965246,105168665,106973985,107150840,109705044,113448770,115405122,117768017,121670113,123781837,126608823,130042319,131793880,135629696,137941553,140798850,139389023,142491793,145012729,147672702,150890266,154129996,156931988,159280512,161748157,166168296,168850548,171164999
3,Fondo de reserva,2077088,2077088,2077088,5789851,5789851,5789851,5789851,5789851,5789851,5789851,5789851,5789851,5789851,5789851,5789851,5789851,5789851,7375738,7375738,7375738,7375738,7375738,7375738,7375737,7375738,7375737,7375738,12300160,12300160,12300160,12300160,12300160,12300160,12300160,12300160,12300160,12300160,12300160,19116058,19116058,19116058,19116058,19116058,19116058,19116058,19116058,19116058,19116058,19116058,19116058,19116058,24389102,24389102,24389102,24389102,24389102,24389102,24389102,24389102,24389102,24389102,24389102,24389102,30778051,30778051,30778051,30778051,30778051,30778051,30778051,30778051,30778051,30778051,30778051,30778051,38028140,38028140,38028140,38028140,38028140,38028140,38028140,38028140,38028140,38028140,38028140,38028140,51010985,51010985,51010985,51010985,51010985,51010985,51010985,51010985,51010985,51010985,51010985,51010985,51010985,51010985,51010985,63056526,63056526,63056526,63056526,63056526,63056526,63056526,63056526,63056526,63056526,77198217,77198217,77198217,77198217,77198217,77198217,77198217,77198217,77198217,77198217,99024566,99024566,99024566,99024566,99024566,99024566,99024566,99024566,99024566,99024566,99024566,99024566,99024566,127433107,127433107,127433107,127433107,127433107,127433107,127433107,127433107,127433107,127433107,127433107,127433107
3,Incremento por actualizacin del fondo de reserva, -   , -   , -   , -   , -   , -   , -   , -   , -   , -   , -   , -   , -   , -   , -   , -   , -   , -   , -   , -   , -   , -   , -   , -   , -   , -   , -   , -   , -   , -   , -   , -   , -   , -   , -   , -   , -   , -   , -   , -   , -   , -   , -   , -   , -   , -   , -   , -   , -   , -   , -   , -   , -   , -   , -   , -   , -   , -   , -   , -   , -   , -   , -   , -   , -   , -   , -   , -   , -   , -   , -   , -   , -   , -   , -   , -   , -   , -   , -   , -   , -   , -   , -   , -   , -   , -   , -   , -   , -   , -   , -   , -   , -   , -   , -   , -   , -   , -   , -   , -   , -   , -   , -   , -   , -   , -   , -   , -   , -   , -   , -   , -   , -   , -   , -   , -   , -   , -   , -   , -   , -   , -   , -   , -   , -   , -   , -   , -   , -   , -   , -   , -   , -   , -   , -   , -   , -   , -   , -   , -   , -   , -   , -   , -   , -   , -   , -   
3,Otras reservas de capital, -   , -   , -   , -   , -   , -   , -   , -   , -   , -   , -   , -   , -   , -   , -   , -   , -   , -   , -   , -   , -   , -   , -   , -   , -   , -   , -   , -   , -   , -   , -   , -   , -   , -   , -   , -   , -   , -   , -   , -   , -   , -   , -   , -   , -   , -   , -   , -   , -   , -   , -   , -   , -   , -   , -   , -   , -   , -   , -   , -   , -   , -   , -   , -   , -   , -   , -   , -   , -   , -   , -   , -   , -   , -   , -   , -   , -   , -   , -   , -   , -   , -   , -   , -   , -   , -   , -   , -   , -   , -   , -   , -   , -   , -   , -   , -   , -   , -   , -   , -   , -   , -   , -   , -   , -   , -   , -   , -   , -   , -   , -   , -   , -   , -   , -   , -   , -   , -   , -   , -   , -   , -   , -   , -   , -   , -   , -   , -   , -   , -   , -   , -   , -   , -   , -   , -   , -   , -   , -   , -   , -   , -   , -   , -   , -   , -   , -   
3,Incremento por actualizacin de otras reservas de capital, -   , -   , -   , -   , -   , -   , -   , -   , -   , -   , -   , -   , -   , -   , -   , -   , -   , -   , -   , -   , -   , -   , -   , -   , -   , -   , -   , -   , -   , -   , -   , -   , -   , -   , -   , -   , -   , -   , -   , -   , -   , -   , -   , -   , -   , -   , -   , -   , -   , -   , -   , -   , -   , -   , -   , -   , -   , -   , -   , -   , -   , -   , -   , -   , -   , -   , -   , -   , -   , -   , -   , -   , -   , -   , -   , -   , -   , -   , -   , -   , -   , -   , -   , -   , -   , -   , -   , -   , -   , -   , -   , -   , -   , -   , -   , -   , -   , -   , -   , -   , -   , -   , -   , -   , -   , -   , -   , -   , -   , -   , -   , -   , -   , -   , -   , -   , -   , -   , -   , -   , -   , -   , -   , -   , -   , -   , -   , -   , -   , -   , -   , -   , -   , -   , -   , -   , -   , -   , -   , -   , -   , -   , -   , -   , -   , -   , -   
3,Resultado de ejercicios anteriores,4284128,4284128,4284128, -   , -   , -   , -   , -   , -   , -   , -   , -   ,2172799,2172799,2172799,2172799,2172799, -   , -   , -   , -   , -   , -   , -   ,5910857,5910857,5910857, -   , -   , -   , -   , -   , -   , -   , -   , -   ,8245727,8245727, -   , -   , -   , -   , -   , -   , -   , -   , -   , -   ,7576088,7576088,7576088, -   , -   , -   , -   , -   , -   , -   , -   , -   ,8738490,8738490,8738490,2000002,2000002,1700002, -   , -   , -   , -   , -   , -   ,9635509,9635509,9635509,1900000,1900000,1650000, -   , -   , -   , -   , -   , -   ,16075881,16075881,16075881, -   , -   , -   , -   , -   , -   , -   , -   , -   ,14109938,14109938,14109938,14109938,14109938,14109938, -   , -   , -   , -   , -   , -   ,16449679,16449679,16449679,16449679, -   , -   , -   , -   , -   , -   , -   , -   ,24767030,24767030, -   , -   , -   , -   , -   , -   , -   , -   , -   , -   ,32769314,32769314,32769314, -   , -   , -   , -   , -   , -   , -   , -   , -   ,34315053,34315053,34315053
3,Incremento por actualizacin del resultado de ejercicios anteriores, -   , -   , -   , -   , -   , -   , -   , -   , -   , -   , -   , -   , -   , -   , -   , -   , -   , -   , -   , -   , -   , -   , -   , -   , -   , -   , -   , -   , -   , -   , -   , -   , -   , -   , -   , -   , -   , -   , -   , -   , -   , -   , -   , -   , -   , -   , -   , -   , -   , -   , -   , -   , -   , -   , -   , -   , -   , -   , -   , -   , -   , -   , -   , -   , -   , -   , -   , -   , -   , -   , -   , -   , -   , -   , -   , -   , -   , -   , -   , -   , -   , -   , -   , -   , -   , -   , -   , -   , -   , -   , -   , -   , -   , -   , -   , -   , -   , -   , -   , -   , -   , -   , -   , -   , -   , -   , -   , -   , -   , -   , -   , -   , -   , -   , -   , -   , -   , -   , -   , -   , -   , -   , -   , -   , -   , -   , -   , -   , -   , -   , -   , -   , -   , -   , -   , -   , -   , -   , -   , -   , -   , -   , -   , -   , -   , -   , -   
3,Resultado por valuacin de ttulos disponibles para la venta, -   , -   , -   , -   , -   , -   , -   , -   , -   , -   , -   , -   , -   , -   , -   , -   , -   , -   , -   , -   , -   , -   , -   , -   , -   , -   , -   , -   , -   , -   , -   , -   , -   , -   , -   , -   , -   , -   , -   , -   , -   , -   , -   , -   , -   , -   ,132847,8334,256461,550884,884027,1178925,1515193,1881327,2206853,2410476,2727329,1014613,1296011, -   ,257833,596349,981833,1319615,1694866,2074921,2487935,2932025,3314080,3778345,4063310, -   ,436073,962949,1640484,2299298,2680625,3258000,3914683,4516300,5116689,5749990,6368566, -   ,616050,1142547,1724228,2313114,2830235,3195607,3712206,4121434,4543845,4938554,5322420, -   ,284119,537164,1156935,1521537,1898710,2114695,2541988,2999266,3466630,3968491,4453088, -   ,540224,1116732,1820545,2578400,3399823,4277642,5256081,6225429,7255214,8252798,9364931, -   ,1282824,2549111,4041904,5410081,6935614,8524968,9773243,11060975,12377841,13844135, -   , -   , -   , -   , -   , -   , -   , -   , -   , -   , -   , -   , -   , -   , -   , -   , -   
3,Incremento por actualizacin del resultado por valuacin de ttulos disponibles para la venta, -   , -   , -   , -   , -   , -   , -   , -   , -   , -   , -   , -   , -   , -   , -   , -   , -   , -   , -   , -   , -   , -   , -   , -   , -   , -   , -   , -   , -   , -   , -   , -   , -   , -   , -   , -   , -   , -   , -   , -   , -   , -   , -   , -   , -   , -   , -   , -   , -   , -   , -   , -   , -   , -   , -   , -   , -   , -   , -   , -   , -   , -   , -   , -   , -   , -   , -   , -   , -   , -   , -   , -   , -   , -   , -   , -   , -   , -   , -   , -   , -   , -   , -   , -   , -   , -   , -   , -   , -   , -   , -   , -   , -   , -   , -   , -   , -   , -   , -   , -   , -   , -   , -   , -   , -   , -   , -   , -   , -   , -   , -   , -   , -   , -   , -   , -   , -   , -   , -   , -   , -   , -   , -   , -   , -   , -   , -   , -   , -   , -   , -   , -   , -   , -   , -   , -   , -   , -   , -   , -   , -   , -   , -   , -   , -   , -   , -   
3,Remediciones por beneficios definidos a los empleados, -   , -   , -   , -   , -   , -   , -   , -   , -   , -   , -   , -   , -   , -   , -   , -   , -   , -   , -   , -   , -   , -   , -   , -   , -   , -   , -   , -   , -   , -   , -   , -   , -   , -   , -   , -   , -   , -   , -   , -   , -   , -   , -   , -   , -   , -   , -   , -   , -   , -   , -   , -   , -   , -   , -   , -   , -   , -   , -   , -   , -   , -   , -   , -   , -   , -   , -   , -   , -   , -   , -   , -   , -   , -   , -   , -   , -   , -   , -   , -   , -   , -   , -   , -   , -   , -   , -   , -   , -   , -   , -   , -   , -   , -   , -   , -   , -   , -   , -   , -   , -   , -   , -   , -   , -   , -   , -   , -   , -   , -   , -   , -   , -   , -   , -   , -   , -   , -   , -   , -   , -   , -   , -   , -   , -   , -   , -   , -   , -   , -   , -   , -   , -   , -   , -   , -   , -   , -   , -   , -   , -   , -   , -   , -   , -   , -   , -   
3,Incremento por actualizacin de las remediciones por beneficios definidos a los empleados, -   , -   , -   , -   , -   , -   , -   , -   , -   , -   , -   , -   , -   , -   , -   , -   , -   , -   , -   , -   , -   , -   , -   , -   , -   , -   , -   , -   , -   , -   , -   , -   , -   , -   , -   , -   , -   , -   , -   , -   , -   , -   , -   , -   , -   , -   , -   , -   , -   , -   , -   , -   , -   , -   , -   , -   , -   , -   , -   , -   , -   , -   , -   , -   , -   , -   , -   , -   , -   , -   , -   , -   , -   , -   , -   , -   , -   , -   , -   , -   , -   , -   , -   , -   , -   , -   , -   , -   , -   , -   , -   , -   , -   , -   , -   , -   , -   , -   , -   , -   , -   , -   , -   , -   , -   , -   , -   , -   , -   , -   , -   , -   , -   , -   , -   , -   , -   , -   , -   , -   , -   , -   , -   , -   , -   , -   , -   , -   , -   , -   , -   , -   , -   , -   , -   , -   , -   , -   , -   , -   , -   , -   , -   , -   , -   , -   , -   
3,Resultado por tenencia de activos no monetarios, -   , -   , -   , -   , -   , -   , -   , -   , -   , -   , -   , -   , -   , -   , -   , -   , -   , -   , -   , -   , -   , -   , -   , -   , -   , -   , -   , -   , -   , -   , -   , -   , -   , -   , -   , -   , -   , -   , -   , -   , -   , -   , -   , -   , -   , -   , -   , -   , -   , -   , -   , -   , -   , -   , -   , -   , -   , -   , -   , -   , -   , -   , -   , -   , -   , -   , -   , -   , -   , -   , -   , -   , -   , -   , -   , -   , -   , -   , -   , -   , -   , -   , -   , -   , -   , -   , -   , -   , -   , -   , -   , -   , -   , -   , -   , -   , -   , -   , -   , -   , -   , -   , -   , -   , -   , -   , -   , -   , -   , -   , -   , -   , -   , -   , -   , -   , -   , -   , -   , -   , -   , -   , -   , -   , -   , -   , -   , -   , -   , -   , -   , -   , -   , -   , -   , -   , -   , -   , -   , -   , -   , -   , -   , -   , -   , -   , -   
3,Incremento por actualizacin del resultado por tenencia de activos no monetarios, -   , -   , -   , -   , -   , -   , -   , -   , -   , -   , -   , -   , -   , -   , -   , -   , -   , -   , -   , -   , -   , -   , -   , -   , -   , -   , -   , -   , -   , -   , -   , -   , -   , -   , -   , -   , -   , -   , -   , -   , -   , -   , -   , -   , -   , -   , -   , -   , -   , -   , -   , -   , -   , -   , -   , -   , -   , -   , -   , -   , -   , -   , -   , -   , -   , -   , -   , -   , -   , -   , -   , -   , -   , -   , -   , -   , -   , -   , -   , -   , -   , -   , -   , -   , -   , -   , -   , -   , -   , -   , -   , -   , -   , -   , -   , -   , -   , -   , -   , -   , -   , -   , -   , -   , -   , -   , -   , -   , -   , -   , -   , -   , -   , -   , -   , -   , -   , -   , -   , -   , -   , -   , -   , -   , -   , -   , -   , -   , -   , -   , -   , -   , -   , -   , -   , -   , -   , -   , -   , -   , -   , -   , -   , -   , -   , -   , -   
3,Resultado neto,506477,783300,224403,497194,801967,1069797,1671461,2196639,2343080,2484852,2549533,2172799,687117,913069,2058034,1835095,2483973,3208937,3785079,3803341,4431961,4757217,5468196,5910857,641189,991670,1926322,2672600,2997698,3413320,4849384,5214775,7394972,7645141,8032943,8245727,468810,1132583,1714838,2462937,2991622,3659554,4397347,5187078,5964226,6784802,6756599,7576088,1527550,1664214,2026708,1784160,2238859,2774955,3578183,4375603,4311159,6362075,6363443,8738490,1955040,2361554,2019995,2590627,3372636,4490779,4927935,5471637,6623183,6944537,7533124,9635508,2539654,3312711,3363479,3227740,4378406,5695909,5891577,5940811,7484606,7816273,8086097,16075880,1136038,1855916,2134657,2790846,3254649,4886292,6142973,6671657,7044361,7205293,7915267,14109940,1151170,1733615,3474394,4301210,5620498,6590166,7008276,8362588,9520933,10244172,10365347,16449678,1884819,2697263,4408408,4698452,6177330,7314188,7655378,9343037,10174364,11659519,12429249,24767029,1920594,2459627,4084370,5270397,7488590,7855588,8970208,11584572,12379430,13740122,31017753,32769314,3835816,6147673,9004970,11955916,15058686,17579622,20239595,23457159,26696889,29498881,31847405,34315050,4420136,7102388,9416839
